[{"_allAttributes":{"publicAttributes":[{"name":"record-id","memberType":0,"decorator":0,"location":{"uri":"file:///c%3A/Users/himanshu.jindal/Documents/Zoom/oppTeamMember/force-app/main/default/lwc/oppteam/oppteam.js","range":{"start":{"line":31,"character":4},"end":{"line":31,"character":18}}},"detail":"LWC custom attribute"}],"privateAttributes":[{"name":"columns","memberType":0,"decorator":1,"location":{"uri":"file:///c%3A/Users/himanshu.jindal/Documents/Zoom/oppTeamMember/force-app/main/default/lwc/oppteam/oppteam.js","range":{"start":{"line":13,"character":4},"end":{"line":25,"character":2}}},"detail":"LWC custom attribute"},{"name":"b-show-modal","memberType":0,"decorator":1,"location":{"uri":"file:///c%3A/Users/himanshu.jindal/Documents/Zoom/oppTeamMember/force-app/main/default/lwc/oppteam/oppteam.js","range":{"start":{"line":26,"character":4},"end":{"line":26,"character":30}}},"detail":"LWC custom attribute"},{"name":"edit-show","memberType":0,"decorator":1,"location":{"uri":"file:///c%3A/Users/himanshu.jindal/Documents/Zoom/oppTeamMember/force-app/main/default/lwc/oppteam/oppteam.js","range":{"start":{"line":27,"character":4},"end":{"line":27,"character":28}}},"detail":"LWC custom attribute"},{"name":"-team-member-role","memberType":0,"decorator":1,"location":{"uri":"file:///c%3A/Users/himanshu.jindal/Documents/Zoom/oppTeamMember/force-app/main/default/lwc/oppteam/oppteam.js","range":{"start":{"line":28,"character":4},"end":{"line":28,"character":27}}},"detail":"LWC custom attribute"},{"name":"-opportunity-access-level","memberType":0,"decorator":1,"location":{"uri":"file:///c%3A/Users/himanshu.jindal/Documents/Zoom/oppTeamMember/force-app/main/default/lwc/oppteam/oppteam.js","range":{"start":{"line":29,"character":4},"end":{"line":29,"character":34}}},"detail":"LWC custom attribute"},{"name":"key-index","memberType":0,"decorator":1,"location":{"uri":"file:///c%3A/Users/himanshu.jindal/Documents/Zoom/oppTeamMember/force-app/main/default/lwc/oppteam/oppteam.js","range":{"start":{"line":30,"character":4},"end":{"line":30,"character":22}}},"detail":"LWC custom attribute"},{"name":"team-role","memberType":0,"decorator":1,"location":{"uri":"file:///c%3A/Users/himanshu.jindal/Documents/Zoom/oppTeamMember/force-app/main/default/lwc/oppteam/oppteam.js","range":{"start":{"line":32,"character":4},"end":{"line":32,"character":23}}},"detail":"LWC custom attribute"},{"name":"data","memberType":0,"decorator":1,"location":{"uri":"file:///c%3A/Users/himanshu.jindal/Documents/Zoom/oppTeamMember/force-app/main/default/lwc/oppteam/oppteam.js","range":{"start":{"line":33,"character":4},"end":{"line":33,"character":16}}},"detail":"LWC custom attribute"},{"name":"opp-acess","memberType":0,"decorator":1,"location":{"uri":"file:///c%3A/Users/himanshu.jindal/Documents/Zoom/oppTeamMember/force-app/main/default/lwc/oppteam/oppteam.js","range":{"start":{"line":34,"character":4},"end":{"line":34,"character":23}}},"detail":"LWC custom attribute"},{"name":"total-count","memberType":0,"decorator":1,"location":{"uri":"file:///c%3A/Users/himanshu.jindal/Documents/Zoom/oppTeamMember/force-app/main/default/lwc/oppteam/oppteam.js","range":{"start":{"line":35,"character":4},"end":{"line":35,"character":23}}},"detail":"LWC custom attribute"},{"name":"error","memberType":0,"decorator":1,"location":{"uri":"file:///c%3A/Users/himanshu.jindal/Documents/Zoom/oppTeamMember/force-app/main/default/lwc/oppteam/oppteam.js","range":{"start":{"line":36,"character":4},"end":{"line":36,"character":17}}},"detail":"LWC custom attribute"},{"name":"acc-list","memberType":0,"decorator":1,"location":{"uri":"file:///c%3A/Users/himanshu.jindal/Documents/Zoom/oppTeamMember/force-app/main/default/lwc/oppteam/oppteam.js","range":{"start":{"line":37,"character":4},"end":{"line":37,"character":19}}},"detail":"LWC custom attribute"},{"name":"show-list","memberType":0,"decorator":1,"location":{"uri":"file:///c%3A/Users/himanshu.jindal/Documents/Zoom/oppTeamMember/force-app/main/default/lwc/oppteam/oppteam.js","range":{"start":{"line":38,"character":4},"end":{"line":38,"character":29}}},"detail":"LWC custom attribute"},{"name":"delete-id","memberType":0,"decorator":1,"location":{"uri":"file:///c%3A/Users/himanshu.jindal/Documents/Zoom/oppTeamMember/force-app/main/default/lwc/oppteam/oppteam.js","range":{"start":{"line":39,"character":4},"end":{"line":39,"character":20}}},"detail":"LWC custom attribute"},{"name":"show-data-list","memberType":0,"decorator":1,"location":{"uri":"file:///c%3A/Users/himanshu.jindal/Documents/Zoom/oppTeamMember/force-app/main/default/lwc/oppteam/oppteam.js","range":{"start":{"line":40,"character":4},"end":{"line":40,"character":28}}},"detail":"LWC custom attribute"},{"name":"account-rec-list","memberType":0,"decorator":1,"location":{"uri":"file:///c%3A/Users/himanshu.jindal/Documents/Zoom/oppTeamMember/force-app/main/default/lwc/oppteam/oppteam.js","range":{"start":{"line":41,"character":4},"end":{"line":57,"character":6}}},"detail":"LWC custom attribute"},{"name":"isviewallnav","memberType":0,"decorator":1,"location":{"uri":"file:///c%3A/Users/himanshu.jindal/Documents/Zoom/oppTeamMember/force-app/main/default/lwc/oppteam/oppteam.js","range":{"start":{"line":250,"character":4},"end":{"line":250,"character":32}}},"detail":"LWC custom attribute"},{"name":"is-show-modal","memberType":0,"decorator":1,"location":{"uri":"file:///c%3A/Users/himanshu.jindal/Documents/Zoom/oppTeamMember/force-app/main/default/lwc/oppteam/oppteam.js","range":{"start":{"line":251,"character":4},"end":{"line":251,"character":31}}},"detail":"LWC custom attribute"}]},"_properties":null,"_methods":[{"type":"method","name":"wiredtotal","loc":{"start":{"line":59,"column":4},"end":{"line":76,"column":5}},"decorator":"wire"},{"type":"method","name":"wiredhoney","loc":{"start":{"line":77,"column":4},"end":{"line":91,"column":5}},"decorator":"wire"},{"type":"method","name":"wiredOpp","loc":{"start":{"line":92,"column":4},"end":{"line":102,"column":5}},"decorator":"wire"},{"type":"method","name":"wiredOppAccess","loc":{"start":{"line":103,"column":4},"end":{"line":113,"column":5}},"decorator":"wire"},{"type":"method","name":"openModal","loc":{"start":{"line":115,"column":4},"end":{"line":118,"column":5}}},{"type":"method","name":"closeModal","loc":{"start":{"line":119,"column":4},"end":{"line":122,"column":5}}},{"type":"method","name":"addRow","loc":{"start":{"line":125,"column":4},"end":{"line":134,"column":5}}},{"type":"method","name":"changeHandler","loc":{"start":{"line":135,"column":4},"end":{"line":152,"column":6}}},{"type":"method","name":"successhandler","loc":{"start":{"line":153,"column":5},"end":{"line":161,"column":6}}},{"type":"method","name":"removeRow","loc":{"start":{"line":162,"column":5},"end":{"line":167,"column":5}}},{"type":"method","name":"saveData","loc":{"start":{"line":168,"column":4},"end":{"line":179,"column":5}}},{"type":"method","name":"editTeam","loc":{"start":{"line":180,"column":4},"end":{"line":184,"column":10}}},{"type":"method","name":"deleteRecord","loc":{"start":{"line":185,"column":4},"end":{"line":217,"column":5}}},{"type":"method","name":"closeFunction","loc":{"start":{"line":218,"column":4},"end":{"line":221,"column":5}}},{"type":"method","name":"saveFunction","loc":{"start":{"line":222,"column":4},"end":{"line":230,"column":5}}},{"type":"method","name":"handleEditChange","loc":{"start":{"line":231,"column":4},"end":{"line":238,"column":5}}},{"type":"method","name":"wiredAccounts","loc":{"start":{"line":240,"column":4},"end":{"line":250,"column":5}},"decorator":"wire"},{"type":"method","name":"viewallnav","loc":{"start":{"line":253,"column":4},"end":{"line":256,"column":5}}}],"file":"c:/Users/himanshu.jindal/Documents/Zoom/oppTeamMember/force-app/main/default/lwc/oppteam/oppteam.js","metadata":{"decorators":[{"type":"api","targets":[{"type":"property","name":"recordId","value":{"type":"unresolved"}}]},{"type":"wire","targets":[{"name":"wiredtotal","adapter":{"name":"total","reference":"@salesforce/apex/oppteam.total"},"type":"method","static":{},"params":{"rohit":"recordId"}},{"name":"wiredhoney","adapter":{"name":"dataShow","reference":"@salesforce/apex/oppteam.dataShow"},"type":"method","static":{},"params":{"honey":"recordId"}},{"name":"wiredOpp","adapter":{"name":"getPicklistValues","reference":"lightning/uiObjectInfoApi"},"type":"method","static":{"recordTypeId":{"type":"string","value":"012000000000000AAA"},"fieldApiName":{"value":"@salesforce/schema/OpportunityTeamMember.TeamMemberRole","type":"module"}},"params":{}},{"name":"wiredOppAccess","adapter":{"name":"getPicklistValues","reference":"lightning/uiObjectInfoApi"},"type":"method","static":{"recordTypeId":{"type":"string","value":"012000000000000AAA"},"fieldApiName":{"value":"@salesforce/schema/OpportunityTeamMember.OpportunityAccessLevel","type":"module"}},"params":{}},{"name":"wiredAccounts","adapter":{"name":"getteamList","reference":"@salesforce/apex/oppteam.getteamList"},"type":"method"}]},{"type":"track","targets":[{"name":"columns","type":"property"},{"name":"bShowModal","type":"property"},{"name":"editShow","type":"property"},{"name":"TeamMemberRole","type":"property"},{"name":"OpportunityAccessLevel","type":"property"},{"name":"keyIndex","type":"property"},{"name":"teamRole","type":"property"},{"name":"data","type":"property"},{"name":"oppAcess","type":"property"},{"name":"totalCount","type":"property"},{"name":"error","type":"property"},{"name":"accList","type":"property"},{"name":"showList","type":"property"},{"name":"deleteId","type":"property"},{"name":"showDataList","type":"property"},{"name":"accountRecList","type":"property"},{"name":"isviewallnav","type":"property"},{"name":"isShowModal","type":"property"}]}],"declarationLoc":{"start":{"line":13,"column":0},"end":{"line":264,"column":1}},"classMembers":[{"type":"property","name":"columns","loc":{"start":{"line":14,"column":4},"end":{"line":26,"column":2}},"decorator":"track"},{"type":"property","name":"bShowModal","loc":{"start":{"line":27,"column":4},"end":{"line":27,"column":30}},"decorator":"track"},{"type":"property","name":"editShow","loc":{"start":{"line":28,"column":4},"end":{"line":28,"column":28}},"decorator":"track"},{"type":"property","name":"TeamMemberRole","loc":{"start":{"line":29,"column":4},"end":{"line":29,"column":27}},"decorator":"track"},{"type":"property","name":"OpportunityAccessLevel","loc":{"start":{"line":30,"column":4},"end":{"line":30,"column":34}},"decorator":"track"},{"type":"property","name":"keyIndex","loc":{"start":{"line":31,"column":4},"end":{"line":31,"column":22}},"decorator":"track"},{"type":"property","name":"recordId","loc":{"start":{"line":32,"column":4},"end":{"line":32,"column":18}},"decorator":"api","value":{"type":"unresolved"}},{"type":"property","name":"teamRole","loc":{"start":{"line":33,"column":4},"end":{"line":33,"column":23}},"decorator":"track"},{"type":"property","name":"data","loc":{"start":{"line":34,"column":4},"end":{"line":34,"column":16}},"decorator":"track"},{"type":"property","name":"oppAcess","loc":{"start":{"line":35,"column":4},"end":{"line":35,"column":23}},"decorator":"track"},{"type":"property","name":"totalCount","loc":{"start":{"line":36,"column":4},"end":{"line":36,"column":23}},"decorator":"track"},{"type":"property","name":"error","loc":{"start":{"line":37,"column":4},"end":{"line":37,"column":17}},"decorator":"track"},{"type":"property","name":"accList","loc":{"start":{"line":38,"column":4},"end":{"line":38,"column":19}},"decorator":"track"},{"type":"property","name":"showList","loc":{"start":{"line":39,"column":4},"end":{"line":39,"column":29}},"decorator":"track"},{"type":"property","name":"deleteId","loc":{"start":{"line":40,"column":4},"end":{"line":40,"column":20}},"decorator":"track"},{"type":"property","name":"showDataList","loc":{"start":{"line":41,"column":4},"end":{"line":41,"column":28}},"decorator":"track"},{"type":"property","name":"accountRecList","loc":{"start":{"line":42,"column":4},"end":{"line":58,"column":6}},"decorator":"track"},{"type":"method","name":"wiredtotal","loc":{"start":{"line":59,"column":4},"end":{"line":76,"column":5}},"decorator":"wire"},{"type":"method","name":"wiredhoney","loc":{"start":{"line":77,"column":4},"end":{"line":91,"column":5}},"decorator":"wire"},{"type":"method","name":"wiredOpp","loc":{"start":{"line":92,"column":4},"end":{"line":102,"column":5}},"decorator":"wire"},{"type":"method","name":"wiredOppAccess","loc":{"start":{"line":103,"column":4},"end":{"line":113,"column":5}},"decorator":"wire"},{"type":"method","name":"openModal","loc":{"start":{"line":115,"column":4},"end":{"line":118,"column":5}}},{"type":"method","name":"closeModal","loc":{"start":{"line":119,"column":4},"end":{"line":122,"column":5}}},{"type":"method","name":"addRow","loc":{"start":{"line":125,"column":4},"end":{"line":134,"column":5}}},{"type":"method","name":"changeHandler","loc":{"start":{"line":135,"column":4},"end":{"line":152,"column":6}}},{"type":"method","name":"successhandler","loc":{"start":{"line":153,"column":5},"end":{"line":161,"column":6}}},{"type":"method","name":"removeRow","loc":{"start":{"line":162,"column":5},"end":{"line":167,"column":5}}},{"type":"method","name":"saveData","loc":{"start":{"line":168,"column":4},"end":{"line":179,"column":5}}},{"type":"method","name":"editTeam","loc":{"start":{"line":180,"column":4},"end":{"line":184,"column":10}}},{"type":"method","name":"deleteRecord","loc":{"start":{"line":185,"column":4},"end":{"line":217,"column":5}}},{"type":"method","name":"closeFunction","loc":{"start":{"line":218,"column":4},"end":{"line":221,"column":5}}},{"type":"method","name":"saveFunction","loc":{"start":{"line":222,"column":4},"end":{"line":230,"column":5}}},{"type":"method","name":"handleEditChange","loc":{"start":{"line":231,"column":4},"end":{"line":238,"column":5}}},{"type":"method","name":"wiredAccounts","loc":{"start":{"line":240,"column":4},"end":{"line":250,"column":5}},"decorator":"wire"},{"type":"property","name":"isviewallnav","loc":{"start":{"line":251,"column":4},"end":{"line":251,"column":32}},"decorator":"track"},{"type":"property","name":"isShowModal","loc":{"start":{"line":252,"column":4},"end":{"line":252,"column":31}},"decorator":"track"},{"type":"method","name":"viewallnav","loc":{"start":{"line":253,"column":4},"end":{"line":256,"column":5}}}],"exports":[{"type":"ExportDefaultDeclaration"}]},"updatedAt":"2020-08-17T11:18:30.689Z"},{"_allAttributes":{"publicAttributes":[{"name":"record","memberType":0,"decorator":0,"location":{"uri":"file:///c%3A/Users/himanshu.jindal/Documents/Zoom/oppTeamMember/force-app/main/default/lwc/oppteamaview/oppteamaview.js","range":{"start":{"line":8,"character":0},"end":{"line":8,"character":12}}},"detail":"LWC custom attribute"},{"name":"rec","memberType":0,"decorator":0,"location":{"uri":"file:///c%3A/Users/himanshu.jindal/Documents/Zoom/oppTeamMember/force-app/main/default/lwc/oppteamaview/oppteamaview.js","range":{"start":{"line":9,"character":0},"end":{"line":9,"character":9}}},"detail":"LWC custom attribute"}],"privateAttributes":[{"name":"search","memberType":0,"decorator":1,"location":{"uri":"file:///c%3A/Users/himanshu.jindal/Documents/Zoom/oppTeamMember/force-app/main/default/lwc/oppteamaview/oppteamaview.js","range":{"start":{"line":4,"character":0},"end":{"line":4,"character":19}}},"detail":"LWC custom attribute"},{"name":"error","memberType":0,"decorator":1,"location":{"uri":"file:///c%3A/Users/himanshu.jindal/Documents/Zoom/oppTeamMember/force-app/main/default/lwc/oppteamaview/oppteamaview.js","range":{"start":{"line":5,"character":0},"end":{"line":5,"character":13}}},"detail":"LWC custom attribute"},{"name":"selected-account","memberType":0,"decorator":1,"location":{"uri":"file:///c%3A/Users/himanshu.jindal/Documents/Zoom/oppTeamMember/force-app/main/default/lwc/oppteamaview/oppteamaview.js","range":{"start":{"line":6,"character":0},"end":{"line":6,"character":23}}},"detail":"LWC custom attribute"},{"name":"show-accounts-list-flag","memberType":0,"decorator":1,"location":{"uri":"file:///c%3A/Users/himanshu.jindal/Documents/Zoom/oppTeamMember/force-app/main/default/lwc/oppteamaview/oppteamaview.js","range":{"start":{"line":7,"character":0},"end":{"line":7,"character":36}}},"detail":"LWC custom attribute"}]},"_properties":null,"_methods":[{"type":"method","name":"wiredopp","loc":{"start":{"line":11,"column":0},"end":{"line":24,"column":5}},"decorator":"wire"},{"type":"method","name":"handleKeyUp","loc":{"start":{"line":26,"column":4},"end":{"line":42,"column":5}}},{"type":"method","name":"handleOptionSelect","loc":{"start":{"line":44,"column":4},"end":{"line":60,"column":5}}},{"type":"method","name":"handleRemoveSelectedOption","loc":{"start":{"line":62,"column":4},"end":{"line":71,"column":5}}}],"file":"c:/Users/himanshu.jindal/Documents/Zoom/oppTeamMember/force-app/main/default/lwc/oppteamaview/oppteamaview.js","metadata":{"decorators":[{"type":"api","targets":[{"type":"property","name":"record","value":{"type":"unresolved"}},{"type":"property","name":"rec","value":{"type":"unresolved"}}]},{"type":"wire","targets":[{"name":"wiredopp","adapter":{"name":"oppteam","reference":"@salesforce/apex/oppteamaview.oppteam"},"type":"method","static":{},"params":{"searchText":"search"}}]},{"type":"track","targets":[{"name":"search","type":"property"},{"name":"error","type":"property"},{"name":"selectedAccount","type":"property"},{"name":"showAccountsListFlag","type":"property"}]}],"declarationLoc":{"start":{"line":4,"column":0},"end":{"line":72,"column":1}},"classMembers":[{"type":"property","name":"search","loc":{"start":{"line":5,"column":0},"end":{"line":5,"column":19}},"decorator":"track"},{"type":"property","name":"error","loc":{"start":{"line":6,"column":0},"end":{"line":6,"column":13}},"decorator":"track"},{"type":"property","name":"selectedAccount","loc":{"start":{"line":7,"column":0},"end":{"line":7,"column":23}},"decorator":"track"},{"type":"property","name":"showAccountsListFlag","loc":{"start":{"line":8,"column":0},"end":{"line":8,"column":36}},"decorator":"track"},{"type":"property","name":"record","loc":{"start":{"line":9,"column":0},"end":{"line":9,"column":12}},"decorator":"api","value":{"type":"unresolved"}},{"type":"property","name":"rec","loc":{"start":{"line":10,"column":0},"end":{"line":10,"column":9}},"decorator":"api","value":{"type":"unresolved"}},{"type":"method","name":"wiredopp","loc":{"start":{"line":11,"column":0},"end":{"line":24,"column":5}},"decorator":"wire"},{"type":"method","name":"handleKeyUp","loc":{"start":{"line":26,"column":4},"end":{"line":42,"column":5}}},{"type":"method","name":"handleOptionSelect","loc":{"start":{"line":44,"column":4},"end":{"line":60,"column":5}}},{"type":"method","name":"handleRemoveSelectedOption","loc":{"start":{"line":62,"column":4},"end":{"line":71,"column":5}}}],"exports":[{"type":"ExportDefaultDeclaration"}]},"updatedAt":"2020-08-14T05:44:23.164Z"}]